Workbook

Sheet Subduction Data
A1: Arc-Trench Distances and Angles of Subduction
A3: Volcano | B3: Location | C3: Subducting plate | D3: Overriding plate | E3: Oceanic trench | F3: Distance to trench (km) | G3: Angle of subduction (degrees)
A4: Mt. St. Helens | B4: Washington State, US | C4: Juan de Fuca | D4: North American | E4: Cascades | F4: 250.56 | G4: =ATAN(150/F4) -> 0.53943289 | H4: =DEGREES(G4) -> 30.907228
A5: Masaya | B5: Nicaragua | C5: Cocos | D5: Caribbean | E5: Middle America | F5: 1012.33 | G5: =ATAN(150/F5) -> 0.1471027 | H5: =DEGREES(G5) -> 8.4283638
A6: Pinatubo | B6: Luzon, Indonesia | C6: Australian | D6: Sunda | E6: Java | F6: 3068.2 | G6: =ATAN(150/F6) -> 0.048849705 | H6: =DEGREES(G6) -> 2.798882
A7: Soufrière Hills | B7: Montserrat Island | C7: North America | D7: Caribbean | E7: Lesser Antilles | F7: 376.19 | G7: =ATAN(150/F7) -> 0.37941511 | H7: =DEGREES(G7) -> 21.738884
A8: Nishino-Shima | B8: Bonin Islands (S of Japan) | C8: Pacific | D8: Philippine | E8: Izu-Bonin | F8: 320.64 | G8: =ATAN(150/F8) -> 0.4375692 | H8: =DEGREES(G8) -> 25.070869
A9: Adatara | B9: Honshu, Japan | C9: Pacific | D9: Okhotsk | E9: Japan | F9: 252.85 | G9: =ATAN(150/F9) -> 0.53543194 | H9: =DEGREES(G9) -> 30.67799
A10: Làscar | B10: Chile | C10: Nazca | D10: South America | E10: Peru-Chile | F10: 370 | G10: =ATAN(150/F10) -> 0.38515751 | H10: =DEGREES(G10) -> 22.0679
A11: Pagan | B11: Mariana Islands, US | C11: Pacific | D11: Mariana | E11: Mariana | F11: 826.99 | G11: =ATAN(150/F11) -> 0.17942996 | H11: =DEGREES(G11) -> 10.280579

Sheet Subduction Plot
D5: ='Subduction Data'!F3 -> Distance to trench (km)
C6: Depth | D6: ='Subduction Data'!E4 -> Cascades | E6: ='Subduction Data'!E5 -> Middle America | F6: ='Subduction Data'!E6 -> Java | G6: ='Subduction Data'!E7 -> Lesser Antilles | H6: ='Subduction Data'!E8 -> Izu-Bonin | I6: ='Subduction Data'!E9 -> Japan | J6: ='Subduction Data'!E10 -> Peru-Chile | K6: Mariana | L6: Zone of melting
C7: 0 | D7: 0 | E7: 0 | F7: 0 | G7: 0 | H7: 0 | I7: 0 | J7: 0 | K7: 0 | L7: 150
C8: ='Subduction Data'!F4 -> 250.56 | D8: 150
C9: ='Subduction Data'!F5 -> 1012.33 | E9: 150
C10: ='Subduction Data'!F6 -> 3068.2 | F10: 150
C11: ='Subduction Data'!F7 -> 376.19 | G11: 150
C12: ='Subduction Data'!F8 -> 320.64 | H12: 150
C13: ='Subduction Data'!F9 -> 252.85 | I13: 150
C14: ='Subduction Data'!F10 -> 370 | J14: 150
C15: ='Subduction Data'!F11 -> 826.99 | K15: 150
C16: 450 | L16: 150
